vdd_V,vref_V
0.400000,0.399514741
0.405000,0.404476013
0.410000,0.409432945
0.415000,0.414385013
0.420000,0.419331634
0.425000,0.424272162
0.430000,0.429205895
0.435000,0.434132063
0.440000,0.439049832
0.445000,0.443958308
0.450000,0.448856533
0.455000,0.453743494
0.460000,0.458618117
0.465000,0.463479279
0.470000,0.468325807
0.475000,0.473156482
0.480000,0.477970044
0.485000,0.482765201
0.490000,0.487540626
0.495000,0.492294969
0.500000,0.497026854
0.505000,0.501734893
0.510000,0.506417658
0.515000,0.511073722
0.520000,0.515701630
0.525000,0.520299900
0.530000,0.524867019
0.535000,0.529401434
0.540000,0.533901541
0.545000,0.538365670
0.550000,0.542792074
0.555000,0.547178909
0.560000,0.551524214
0.565000,0.555825888
0.570000,0.560081665
0.575000,0.564289086
0.580000,0.568445463
0.585000,0.572547844
0.590000,0.576592968
0.595000,0.580577218
0.600000,0.584496566
0.605000,0.588346505
0.610000,0.592121982
0.615000,0.595817315
0.620000,0.599426104
0.625000,0.602941133
0.630000,0.606354280
0.635000,0.609656350
0.640000,0.612837286
0.645000,0.615885759
0.650000,0.618789490
0.655000,0.621535402
0.660000,0.624110037
0.665000,0.626500251
0.670000,0.628694222
0.675000,0.630682737
0.680000,0.632460787
0.685000,0.634028102
0.690000,0.635390935
0.695000,0.636561194
0.700000,0.637555573
0.705000,0.638393860
0.710000,0.639097044
0.715000,0.639685664
0.720000,0.640178637
0.725000,0.640592617
0.730000,0.640941797
0.735000,0.641237993
0.740000,0.641490894
0.745000,0.641708364
0.750000,0.641896755
0.755000,0.642061185
0.760000,0.642205782
0.765000,0.642333877
0.770000,0.642448171
0.775000,0.642550860
0.780000,0.642643740
0.785000,0.642728283
0.790000,0.642805706
0.795000,0.642877017
0.800000,0.642943057
0.805000,0.643004528
0.810000,0.643062025
0.815000,0.643116046
0.820000,0.643167019
0.825000,0.643215307
0.830000,0.643261220
0.835000,0.643305026
0.840000,0.643346956
0.845000,0.643387211
0.850000,0.643425966
0.855000,0.643463372
0.860000,0.643499564
0.865000,0.643534658
0.870000,0.643568758
0.875000,0.643601956
0.880000,0.643634333
0.885000,0.643665960
0.890000,0.643696902
0.895000,0.643727217
0.900000,0.643756956
0.905000,0.643786165
0.910000,0.643814886
0.915000,0.643843156
0.920000,0.643871010
0.925000,0.643898478
0.930000,0.643925588
0.935000,0.643952366
0.940000,0.643978834
0.945000,0.644005013
0.950000,0.644030923
0.955000,0.644056582
0.960000,0.644082005
0.965000,0.644107208
0.970000,0.644132203
0.975000,0.644157005
0.980000,0.644181623
0.985000,0.644206069
0.990000,0.644230353
0.995000,0.644254484
1.000000,0.644278470
1.005000,0.644302320
1.010000,0.644326040
1.015000,0.644349637
1.020000,0.644373119
1.025000,0.644396489
1.030000,0.644419756
1.035000,0.644442922
1.040000,0.644465993
1.045000,0.644488974
1.050000,0.644511869
1.055000,0.644534682
1.060000,0.644557416
1.065000,0.644580075
1.070000,0.644602663
1.075000,0.644625181
1.080000,0.644647634
1.085000,0.644670024
1.090000,0.644692354
1.095000,0.644714625
1.100000,0.644736841
1.105000,0.644759003
1.110000,0.644781114
1.115000,0.644803175
1.120000,0.644825189
1.125000,0.644847157
1.130000,0.644869080
1.135000,0.644890960
1.140000,0.644912800
1.145000,0.644934599
1.150000,0.644956360
1.155000,0.644978084
1.160000,0.644999772
1.165000,0.645021425
1.170000,0.645043044
1.175000,0.645064631
1.180000,0.645086186
1.185000,0.645107710
1.190000,0.645129204
1.195000,0.645150670
1.200000,0.645172107
1.205000,0.645193517
1.210000,0.645214901
1.215000,0.645236258
1.220000,0.645257591
1.225000,0.645278899
1.230000,0.645300183
1.235000,0.645321445
1.240000,0.645342683
1.245000,0.645363900
1.250000,0.645385095
1.255000,0.645406269
1.260000,0.645427423
1.265000,0.645448556
1.270000,0.645469670
1.275000,0.645490766
1.280000,0.645511842
1.285000,0.645532900
1.290000,0.645553940
1.295000,0.645574963
1.300000,0.645595969
1.305000,0.645616958
1.310000,0.645637930
1.315000,0.645658887
1.320000,0.645679827
1.325000,0.645700753
1.330000,0.645721663
1.335000,0.645742558
1.340000,0.645763438
1.345000,0.645784305
1.350000,0.645805157
1.355000,0.645825995
1.360000,0.645846820
1.365000,0.645867631
1.370000,0.645888429
1.375000,0.645909214
1.380000,0.645929987
1.385000,0.645950747
1.390000,0.645971495
1.395000,0.645992230
1.400000,0.646012954
1.405000,0.646033666
1.410000,0.646054366
1.415000,0.646075055
1.420000,0.646095732
1.425000,0.646116399
1.430000,0.646137054
1.435000,0.646157699
1.440000,0.646178333
1.445000,0.646198956
1.450000,0.646219570
1.455000,0.646240172
1.460000,0.646260765
1.465000,0.646281348
1.470000,0.646301921
1.475000,0.646322484
1.480000,0.646343038
1.485000,0.646363582
1.490000,0.646384116
1.495000,0.646404641
1.500000,0.646425157
1.505000,0.646445664
1.510000,0.646466162
1.515000,0.646486651
1.520000,0.646507131
1.525000,0.646527603
1.530000,0.646548066
1.535000,0.646568520
1.540000,0.646588965
1.545000,0.646609403
1.550000,0.646629832
1.555000,0.646650253
1.560000,0.646670665
1.565000,0.646691070
1.570000,0.646711466
1.575000,0.646731855
1.580000,0.646752235
1.585000,0.646772608
1.590000,0.646792973
1.595000,0.646813331
1.600000,0.646833680
1.605000,0.646854023
1.610000,0.646874357
1.615000,0.646894685
1.620000,0.646915004
1.625000,0.646935317
1.630000,0.646955622
1.635000,0.646975920
1.640000,0.646996211
1.645000,0.647016495
1.650000,0.647036771
1.655000,0.647057041
1.660000,0.647077304
1.665000,0.647097559
1.670000,0.647117808
1.675000,0.647138050
1.680000,0.647158285
1.685000,0.647178514
1.690000,0.647198736
1.695000,0.647218951
1.700000,0.647239159
1.705000,0.647259361
1.710000,0.647279556
1.715000,0.647299745
1.720000,0.647319927
1.725000,0.647340103
1.730000,0.647360272
1.735000,0.647380435
1.740000,0.647400592
1.745000,0.647420742
1.750000,0.647440886
1.755000,0.647461024
1.760000,0.647481156
1.765000,0.647501282
1.770000,0.647521401
1.775000,0.647541514
1.780000,0.647561621
1.785000,0.647581722
1.790000,0.647601817
1.795000,0.647621907
1.800000,0.647641990
1.805000,0.647662067
1.810000,0.647682138
1.815000,0.647702203
1.820000,0.647722263
1.825000,0.647742316
1.830000,0.647762364
1.835000,0.647782406
1.840000,0.647802443
1.845000,0.647822473
1.850000,0.647842498
1.855000,0.647862517
1.860000,0.647882530
1.865000,0.647902538
1.870000,0.647922540
1.875000,0.647942537
1.880000,0.647962528
1.885000,0.647982513
1.890000,0.648002493
1.895000,0.648022467
1.900000,0.648042436
1.905000,0.648062400
1.910000,0.648082357
1.915000,0.648102310
1.920000,0.648122257
1.925000,0.648142198
1.930000,0.648162134
1.935000,0.648182065
1.940000,0.648201991
1.945000,0.648221911
1.950000,0.648241826
1.955000,0.648261735
1.960000,0.648281639
1.965000,0.648301538
1.970000,0.648321432
1.975000,0.648341320
1.980000,0.648361203
1.985000,0.648381081
1.990000,0.648400954
1.995000,0.648420822
2.000000,0.648440684
2.005000,0.648460542
2.010000,0.648480394
2.015000,0.648500241
2.020000,0.648520083
2.025000,0.648539920
2.030000,0.648559752
2.035000,0.648579578
2.040000,0.648599400
2.045000,0.648619217
2.050000,0.648639029
2.055000,0.648658835
2.060000,0.648678637
2.065000,0.648698434
2.070000,0.648718225
2.075000,0.648738012
2.080000,0.648757794
2.085000,0.648777571
2.090000,0.648797343
2.095000,0.648817110
2.100000,0.648836872
2.105000,0.648856630
2.110000,0.648876382
2.115000,0.648896130
2.120000,0.648915873
2.125000,0.648935610
2.130000,0.648955344
2.135000,0.648975072
2.140000,0.648994796
2.145000,0.649014514
2.150000,0.649034228
2.155000,0.649053938
2.160000,0.649073642
2.165000,0.649093342
2.170000,0.649113037
2.175000,0.649132727
2.180000,0.649152413
2.185000,0.649172094
2.190000,0.649191770
2.195000,0.649211441
2.200000,0.649231108
2.205000,0.649250770
2.210000,0.649270428
2.215000,0.649290081
2.220000,0.649309729
2.225000,0.649329373
2.230000,0.649349012
2.235000,0.649368647
2.240000,0.649388276
2.245000,0.649407902
2.250000,0.649427523
2.255000,0.649447139
2.260000,0.649466750
2.265000,0.649486358
2.270000,0.649505960
2.275000,0.649525558
2.280000,0.649545152
2.285000,0.649564741
2.290000,0.649584326
2.295000,0.649603906
2.300000,0.649623482
2.305000,0.649643053
2.310000,0.649662619
2.315000,0.649682182
2.320000,0.649701740
2.325000,0.649721293
2.330000,0.649740842
2.335000,0.649760387
2.340000,0.649779927
2.345000,0.649799463
2.350000,0.649818994
2.355000,0.649838521
2.360000,0.649858044
2.365000,0.649877563
2.370000,0.649897077
2.375000,0.649916586
2.380000,0.649936092
2.385000,0.649955593
2.390000,0.649975090
2.395000,0.649994582
2.400000,0.650014070
2.405000,0.650033554
2.410000,0.650053034
2.415000,0.650072509
2.420000,0.650091980
2.425000,0.650111447
2.430000,0.650130910
2.435000,0.650150368
2.440000,0.650169822
2.445000,0.650189272
2.450000,0.650208718
2.455000,0.650228159
2.460000,0.650247596
2.465000,0.650267030
2.470000,0.650286459
2.475000,0.650305883
2.480000,0.650325304
2.485000,0.650344721
2.490000,0.650364133
2.495000,0.650383541
2.500000,0.650402945
2.505000,0.650422345
2.510000,0.650441741
2.515000,0.650461133
2.520000,0.650480521
2.525000,0.650499904
2.530000,0.650519284
2.535000,0.650538659
2.540000,0.650558031
2.545000,0.650577398
2.550000,0.650596761
2.555000,0.650616120
2.560000,0.650635476
2.565000,0.650654827
2.570000,0.650674174
2.575000,0.650693517
2.580000,0.650712857
2.585000,0.650732192
2.590000,0.650751523
2.595000,0.650770850
2.600000,0.650790174
2.605000,0.650809493
2.610000,0.650828809
2.615000,0.650848120
2.620000,0.650867428
2.625000,0.650886731
2.630000,0.650906031
2.635000,0.650925327
2.640000,0.650944619
2.645000,0.650963907
2.650000,0.650983191
2.655000,0.651002472
2.660000,0.651021748
2.665000,0.651041021
2.670000,0.651060289
2.675000,0.651079554
2.680000,0.651098815
2.685000,0.651118073
2.690000,0.651137326
2.695000,0.651156576
2.700000,0.651175822
2.705000,0.651195064
2.710000,0.651214302
2.715000,0.651233536
2.720000,0.651252767
2.725000,0.651271994
2.730000,0.651291218
2.735000,0.651310437
2.740000,0.651329653
2.745000,0.651348865
2.750000,0.651368073
2.755000,0.651387278
2.760000,0.651406479
2.765000,0.651425676
2.770000,0.651444870
2.775000,0.651464060
2.780000,0.651483246
2.785000,0.651502428
2.790000,0.651521607
2.795000,0.651540783
2.800000,0.651559954
2.805000,0.651579122
2.810000,0.651598287
2.815000,0.651617448
2.820000,0.651636605
2.825000,0.651655759
2.830000,0.651674909
2.835000,0.651694055
2.840000,0.651713198
2.845000,0.651732337
2.850000,0.651751473
2.855000,0.651770605
2.860000,0.651789734
2.865000,0.651808859
2.870000,0.651827981
2.875000,0.651847099
2.880000,0.651866214
2.885000,0.651885325
2.890000,0.651904433
2.895000,0.651923537
2.900000,0.651942638
2.905000,0.651961736
2.910000,0.651980830
2.915000,0.651999920
2.920000,0.652019007
2.925000,0.652038091
2.930000,0.652057171
2.935000,0.652076248
2.940000,0.652095321
2.945000,0.652114391
2.950000,0.652133458
2.955000,0.652152521
2.960000,0.652171581
2.965000,0.652190638
2.970000,0.652209691
2.975000,0.652228741
2.980000,0.652247788
2.985000,0.652266831
2.990000,0.652285871
2.995000,0.652304908
3.000000,0.652323941
